{
  "project_info": {
    "project_number": "871056271531",
    "project_id": "clevertaptestapp-fdc9c",
    "storage_bucket": "clevertaptestapp-fdc9c.appspot.com"
  },
  "client": [
    {
      "client_info": {
        "mobilesdk_app_id": "1:871056271531:android:b39eec95343716665c6fee",
        "android_client_info": {
          "package_name": "com.example.clevertaptestapp"
        }
      },
      "oauth_client": [
        {
          "client_id": "871056271531-fe6tshv3h6qils31ikmg0qcbfo73vfgh.apps.googleusercontent.com",
          "client_type": 3
        }
      ],
      "api_key": [
        {
          "current_key": "AIzaSyB1s3OIDkGZpYsSSvNXngJzyN5VzHvb9J8"
        }
      ],
      "services": {
        "appinvite_service": {
          "other_platform_oauth_client": [
            {
              "client_id": "871056271531-fe6tshv3h6qils31ikmg0qcbfo73vfgh.apps.googleusercontent.com",
              "client_type": 3
            }
          ]
        }
      }
    }
  ],
  "configuration_version": "1"
}